[
  {
    "id": 1,
    "name":"first gen iPod",
    "pic_url":"/image/product/pro-1-220x294.jpg",
    "desc":"More room to move.\nWith 80GB or 160GB of storage and up to 40 hours of battery life, the new iPod classic lets you enjoy up to 40,000 songs or up to 200 hours of video or any combination wherever you go.\nCover Flow.\nBrowse through your music collection by flipping..",
    "price": 122.0,
    "tax":20.0,
    "rating": 2.3,
    "pic_small_url": "/image/product/%dproduct50x59.jpg",
    "slider_pic_small_url": "/image/product/pro-%d-220x294.jpg",
    "slider_pic_large_url": "/image/product/product%d.jpg",
    "slider_pic_count": 7
  },
  {
    "id": 2,
    "name":"second Gen iPod",
    "pic_url":"/image/product/pro-2-220x294.jpg",
    "desc":"More room to move.\nWith 80GB or 160GB of storage and up to 40 hours of battery life, the new iPod classic lets you enjoy up to 40,000 songs or up to 200 hours of video or any combination wherever you go.\nCover Flow.\nBrowse through your music collection by flipping..",
    "price": 210.0,
    "tax":20.0,
    "rating": 2.3,
    "pic_small_url": "/image/product/%dproduct50x59.jpg",
    "slider_pic_small_url": "/image/product/pro-%d-220x294.jpg",
    "slider_pic_large_url": "/image/product/product%d.jpg",
    "slider_pic_count": 7
  },
  {
    "id": 3,
    "name":"3rd Gen Iphone",
    "pic_url":"/image/product/pro-3-220x294.jpg",
    "desc":"More room to move.\nWith 80GB or 160GB of storage and up to 40 hours of battery life, the new iPod classic lets you enjoy up to 40,000 songs or up to 200 hours of video or any combination wherever you go.\nCover Flow.\nBrowse through your music collection by flipping..",
    "price": 312.0,
    "tax":30.0,
    "rating": 2.3,
    "pic_small_url": "/image/product/%dproduct50x59.jpg",
    "slider_pic_small_url": "/image/product/pro-%d-220x294.jpg",
    "slider_pic_large_url": "/image/product/product%d.jpg",
    "slider_pic_count": 7
  },
  {
    "id": 4,
    "name":"4th Gen iPad",
    "pic_url":"/image/product/pro-4-220x294.jpg",
    "desc":"More room to move.\nWith 80GB or 160GB of storage and up to 40 hours of battery life, the new iPod classic lets you enjoy up to 40,000 songs or up to 200 hours of video or any combination wherever you go.\nCover Flow.\nBrowse through your music collection by flipping..",
    "price": 410.0,
    "tax":40.0,
    "rating": 2.3,
    "pic_small_url": "/image/product/%dproduct50x59.jpg",
    "slider_pic_small_url": "/image/product/pro-%d-220x294.jpg",
    "slider_pic_large_url": "/image/product/product%d.jpg",
    "slider_pic_count": 7
  },
  {
    "id": 5,
    "name":"Rice cooker",
    "pic_url":"/image/product/pro-5-220x294.jpg",
    "desc":"More room to move.\nWith 80GB or 160GB of storage and up to 40 hours of battery life, the new iPod classic lets you enjoy up to 40,000 songs or up to 200 hours of video or any combination wherever you go.\nCover Flow.\nBrowse through your music collection by flipping..",
    "price": 57.0,
    "tax":21.0,
    "rating": 2.3,
    "pic_small_url": "/image/product/%dproduct50x59.jpg",
    "slider_pic_small_url": "/image/product/pro-%d-220x294.jpg",
    "slider_pic_large_url": "/image/product/product%d.jpg",
    "slider_pic_count": 7
  },
  {
    "id": 6,
    "name":"iPod Classic",
    "pic_url":"/image/product/pro-6-220x294.jpg",
    "desc":"More room to move.\nWith 80GB or 160GB of storage and up to 40 hours of battery life, the new iPod classic lets you enjoy up to 40,000 songs or up to 200 hours of video or any combination wherever you go.\nCover Flow.\nBrowse through your music collection by flipping..",
    "price": 122.0,
    "tax":20.0,
    "rating": 2.3,
    "pic_small_url": "/image/product/%dproduct50x59.jpg",
    "slider_pic_small_url": "/image/product/pro-%d-220x294.jpg",
    "slider_pic_large_url": "/image/product/product%d.jpg",
    "slider_pic_count": 7
  },
  {
    "id": 7,
    "name":"iPod Classic",
    "pic_url":"/image/product/pro-7-220x294.jpg",
    "desc":"More room to move.\nWith 80GB or 160GB of storage and up to 40 hours of battery life, the new iPod classic lets you enjoy up to 40,000 songs or up to 200 hours of video or any combination wherever you go.\nCover Flow.\nBrowse through your music collection by flipping..",
    "price": 122.0,
    "tax":20.0,
    "rating": 2.3,
    "pic_small_url": "/image/product/%dproduct50x59.jpg",
    "slider_pic_small_url": "/image/product/pro-%d-220x294.jpg",
    "slider_pic_large_url": "/image/product/product%d.jpg",
    "slider_pic_count": 7
  },
  {
    "id": 8,
    "name":"iPod Classic",
    "pic_url":"/image/product/pro-8-220x294.jpg",
    "desc":"More room to move.\nWith 80GB or 160GB of storage and up to 40 hours of battery life, the new iPod classic lets you enjoy up to 40,000 songs or up to 200 hours of video or any combination wherever you go.\nCover Flow.\nBrowse through your music collection by flipping..",
    "price": 122.0,
    "tax":20.0,
    "rating": 2.3,
    "pic_small_url": "/image/product/%dproduct50x59.jpg",
    "slider_pic_small_url": "/image/product/pro-%d-220x294.jpg",
    "slider_pic_large_url": "/image/product/product%d.jpg",
    "slider_pic_count": 7
  }
]
