[
  {
    "id":1,
    "pic_url":"/image/blog/blog_1.jpg",
    "slider_url":[],
    "datetime_added":"December 23, 2015",
    "post_by":"John",
    "summary":"Lorem ipsum dolor sit amet, consectetur adipisicing elit. Repudiandae provident minus similique porro assumenda illo dolore ducimus vero ipsum illum ipsa velit, deleniti accusantium repellat facilis tempora ab consectetur! Sequi, aperiam, dignissimos! Molestias quidem temporibus, earum deleniti, quae voluptatibus cum, doloremque libero dolorum sapiente neque saepe magnam ullam nisi mollitia itaque voluptas illo pariatur inventore, ….."
  },
  {
    "id":2,
    "pic_url":"/image/blog/blog_2.jpg",
    "slider_url":[],
    "datetime_added":"December 23, 2015",
    "post_by":"Admin",
    "summary":"Repellat minus perferendis dolor, animi dignissimos aut maiores molestiae perspiciatis doloremque, recusandae blanditiis reprehenderit voluptatibus unde ut? Ullam at nihil omnis consequatur, assumenda autem dolor quis velit fugiat magni, pariatur. Beatae modi quod, quia facilis voluptatum iusto atque vero, fugiat perferendis, officia maiores illo explicabo nesciunt doloribus eum praesentium quasi. Sint tempore reiciendis nisi, ex ….."
  },
  {
    "id":3,
    "pic_url":"/image/blog/blog_3.jpg",
    "slider_url":["/image/blog/blog_1.jpg","/image/blog/blog_1.jpg","/image/blog/blog_1.jpg"],
    "datetime_added":"December 21, 2015",
    "post_by":"Josie",
    "summary":"Lorem ipsum dolor sit amet, consectetur adipisicing elit. Repudiandae provident minus similique porro assumenda illo dolore ducimus vero ipsum illum ipsa velit, deleniti accusantium repellat facilis tempora ab consectetur! Sequi, aperiam, dignissimos! Molestias quidem temporibus, earum deleniti, quae voluptatibus cum, doloremque libero dolorum sapiente neque saepe magnam ullam nisi mollitia itaque voluptas illo pariatur inventore, ….."
  },
  {
    "id":4,
    "pic_url":"/image/blog/blog_4.jpg",
    "slider_url":[],
    "datetime_added":"December 20, 2015",
    "post_by":"Josie",
    "summary":"Lorem ipsum dolor sit amet, consectetur adipisicing elit. Repudiandae provident minus similique porro assumenda illo dolore ducimus vero ipsum illum ipsa velit, deleniti accusantium repellat facilis tempora ab consectetur! Sequi, aperiam, dignissimos! Molestias quidem temporibus, earum deleniti, quae voluptatibus cum, doloremque libero dolorum sapiente neque saepe magnam ullam nisi mollitia itaque voluptas illo pariatur inventore, ….."
  },
  {
    "id":5,
    "pic_url":"/image/blog/blog_5.jpg",
    "slider_url":[],
    "datetime_added":"December 20, 2015",
    "post_by":"Josie",
    "summary":"Lorem ipsum dolor sit amet, consectetur adipisicing elit. Repudiandae provident minus similique porro assumenda illo dolore ducimus vero ipsum illum ipsa velit, deleniti accusantium repellat facilis tempora ab consectetur! Sequi, aperiam, dignissimos! Molestias quidem temporibus, earum deleniti, quae voluptatibus cum, doloremque libero dolorum sapiente neque saepe magnam ullam nisi mollitia itaque voluptas illo pariatur inventore, ….."
  }
]
